https://www.deezer.com/;music;40
https://www.deezer.com/offers/;top;40
https://www.deezer.com/offers/free;music;40
https://www.deezer.com/offers/premium;music;40
https://www.deezer.com/offers/family;music;40
https://www.deezer.com/offers/student;music;40
https://www.deezer.com/offers/hifi;music;40
https://www.deezer.com/offers/annual-plan;music;40
https://www.deezer.com/special-offer
https://www.deezer.com/gift
https://www.deezer.com/features
https://www.deezer.com/devices
https://www.deezer.com/devices/mobile
https://www.deezer.com/devices/wearables
https://www.deezer.com/devices/soundsystems
https://www.deezer.com/devices/voice
https://www.deezer.com/devices/tv
https://www.deezer.com/devices/cars
https://www.deezer.com/devices/app/360bydeezer
https://www.deezer.com/channels/explore
https://www.deezer.com/channels/charts
https://www.deezer.com/channels/popular
https://www.deezer.com/channels/new
https://www.deezer.com/channels/podcasts
https://www.deezer.com/channels/radios
https://www.deezer.com/channels/kids
https://www.deezer.com/channels/curators
https://www.deezer.com/channels/mixes
https://www.deezer.com/channels/deezerexclusives
https://www.deezer.com/channels/deezer-next
https://www.deezer.com/channels/rap
https://www.deezer.com/channels/pop
https://www.deezer.com/channels/rock
https://www.deezer.com/channels/rnb
https://www.deezer.com/channels/dance
https://www.deezer.com/company/musicians_podcasters
https://www.deezer.com/company/press
https://www.deezer.com/fitbit
https://www.deezer.com/garmin
https://www.deezer.com/amazonalexa
https://www.deezer.com/googlehome
https://www.deezer.com/waze
https://e-cdn-content.dzcdn.net/googlehome/sitemaps/sitemap_feed.xml
